period,corr
full,0.926497630072097
2017-2019,0.985811833178063
2020-2022,0.663946515459913
2023-2025,0.94034939368853
