"test","F_stat","p_value","DXY_coef_preIT","DXY_coef_interaction","DXY_interaction_p","n_obs","n_preIT","n_postIT"
"Chow_F_test",82.1875849323737,1.25408780343758e-29,0.0592299909483986,-0.0636253044062772,3.18274301980178e-10,336,160,176
"HAC_Wald_test",29.3772267775228,1.86008573390994e-12,0.0592299909483986,-0.0636253044062772,3.18274301980178e-10,336,160,176
