"horizon","coef_05","coef_50","coef_95","abs_diff_lower","abs_diff_upper","z_lower","z_upper","p_lower","p_upper","left_tail_stronger","right_tail_stronger"
1,-4.1847775099386,-2.39131563266216,0.782255881917917,1.79346187727643,-1.60905975074424,0.487183224033717,-0.435994273299691,0.626128492734457,0.662840884524828,TRUE,FALSE
3,-2.51893017848045,-2.34736078622714,6.14541152584084,0.171569392253306,3.7980507396137,0.0697002993298886,0.580180385724034,0.94443220353221,0.561792979264445,TRUE,TRUE
6,-0.698601077574322,-1.62739322789946,-3.68214425546338,-0.928792150325142,2.05475102756391,-0.283068873028026,0.34826166590181,0.7771240418685,0.727643680118214,FALSE,TRUE
12,-0.737550446653671,0.841956012299667,10.0307211851218,-0.104405565645996,9.18876517282212,-0.034503614592324,1.56830690959317,0.972475560038188,0.11680952417341,FALSE,TRUE
24,0.503831877298082,1.76693508623129,5.73518973534107,-1.26310320893321,3.96825464910978,-0.375064173282571,0.813716922403303,0.707612740904819,0.415807137463917,FALSE,TRUE
