"Instrument","Coefficient","Std_Error","t_stat","p_value","Partial_R2","F_stat"
"VIX",0.000443353540481238,0.0117731247508132,0.0376581026588218,0.969984060117175,1.29802873981844e-05,0.00141813269586236
"FFER",-0.099498782164722,0.0446122708188716,-2.23030077461631,0.0264294078741324,0.0494563729149532,4.97424154525412
"DXY",0.0404078806101385,0.0070422146393453,5.73795072708764,2.24484284067891e-08,0.227741594164451,32.9240785464855
"US_10Y",-0.143081329966514,0.0738627367265327,-1.93712467622551,0.0536211250259924,0.0371828333327914,3.75245201124177
"SP500",-4.31100051858106e-06,5.36333367858607e-05,-0.0803791219590419,0.93598661258174,4.43974999925628e-05,0.00646080324690652
"Selic_rate",0.0332939858648081,0.0206401196071895,1.61307136288158,0.107727173252451,0.0272456289606813,2.60199922174865
"d_ToT",0.00291416987889017,0.00495557559224124,0.588058808638249,0.55691284408687,0.00378653025480432,0.345813162417036
